<interface  xmlns:xsi="http://www.w3.org/2001/XMLSchema-instance"
	xmlns="http://learnityframework.org/"
	xsi:schemaLocation="http://learnityframework.org/ http://localhost:8080/learnitymsme/xsd/Interface.xsd"
	id="AdEvent" title="Add Calender Event" type="InterfaceFragment">

	<configuration TemplateID="GridTreeNew"></configuration>

	<structure>
		<part id="adeventmain" class="label"></part>
		<part id="title" class="label"></part>
		<part id="nbajaxcomp" class="ajaxcomponent"></part>
		
		<part id="lay1" class="label"></part>
		<part id="lay2" class="label"></part>
		<part id="box" class="label"></part>
		
		<part id="lay3" class="label"></part>
		<part id="lay4" class="inputtext" size="20"></part>
		<part id="lay5" class="inputtext" size="20"></part>
		<part id="lay6" class="label"></part>
		<part id="lay7" class="label"></part>
		<part id="lay8" class="textarea" rows="5" cols="57"></part>
		<part id="lay9" class="label"></part>
		<part id="lay10" class="button"></part>
		<part id="lay11" class="label"></part>
		<part id="lay12" class="label"></part>
		<part id="lay13" class="textarea" rows="5" cols="57"></part>
		<part id="lay14" class="label"></part>
		<part id="lay15" class="button"></part>
		<part id="lay16" class="label"></part>
		<part id="lay17" class="label"></part>
		<part id="lay18" class="label"></part>
		<part id="lay19" class="label"></part>
		<part id="lay20" class="label"></part>
		<part id="lay21" class="label"></part>
		<part id="lay22" class="label"></part>
		<part id="lay23" class="label"></part>
		<part id="lay24" class="label"></part>
		<part id="lay25" class="label"></part>
		<part id="lay26" class="label"></part>
		<part id="lay27" class="label"></part>
		<part id="lay28" class="label"></part>
		<part id="lay29" class="label"></part>
		<part id="lay30" class="label"></part>
		<part id="dummyBody" class="image"></part>
				
		
		<part id="popupContainer" class="label"></part>
		<part id="popup" class="label"></part>

	</structure>

	<layout id="adeventlayout1">
			<part id="adeventmain" ></part>
			<part id="title" parent_id="adeventmain"></part> 
			<part id="lay1" parent_id="adeventmain"></part>
			
			<part id="lay2" parent_id="lay1"></part>		  	
			<part id="lay11" parent_id="lay1"></part>			
			
			<part id="lay3" parent_id="lay2"></part>
			<part id="lay6" parent_id="lay2"></part>
			<part id="lay9" parent_id="lay2"></part>


			<part id="lay12" parent_id="lay11"></part>
			<part id="lay13" parent_id="lay11"></part>
			<part id="lay14" parent_id="lay11"></part>

			<part id="lay4" parent_id="lay3"></part>
			<part id="lay5" parent_id="lay3"></part>
						
			<part id="lay7" parent_id="lay6"></part>
			<part id="lay8" parent_id="lay6"></part>
			
			<part id="lay10" parent_id="lay9"></part>

			<part id="lay15" parent_id="lay14"></part>

			 <part id="dummyBody" parent_id="nbmain"></part>
			
			
			<part id="popupContainer" parent_id="nbmain"></part>
			<part id="popup" parent_id="popupContainer"></part>
		</layout>

	<content id="adeventcontent1">
		<part id="title" value="Event Add " valuetype="inline"></part>
		
		<part id="lay3" value="Start End Time:" valuetype="inline"></part>
		<part id="lay7" value="Event" valuetype="inline"></part>
		<part id="lay10" value="Add" valuetype="inline"></part>
		<part id="lay12" value="Events" valuetype="inline"></part>
		<part id="lay15" value="Close" valuetype="inline"></part>
		
		<part id="dummyBody" value="dummyimg" valuetype="reference"></part>
		
		
	</content>

	<style id="adeventstyle1">
	
		<part id="adeventmain" value="FlexColumnContainer" valuetype="inline"></part>

		<part id="title" value="[CDATA[background-color: #006699;color: #FFCC33;font-family:Verdana,sans-serif;font-size:16px;font-weight:bold]]" valuetype="inline"></part>			
		<part id="lay10" value="[CDATA[background-color: #006699;color: #FFCC33;font-family:Verdana,sans-serif;font-size:16px;font-weight:bold]]" valuetype="inline"></part>	
		<part id="lay15" value="[CDATA[cursor:pointer;text-decoration:none;font-family:Verdana,Helvetica,sans-serif;font-size:12px;font-weight:bold]]" valuetype="inline"></part>
	
		<part id="lay1" value="FlexRowContainer" valuetype="reference"></part>
		<part id="lay2" value="FlexColumnContainer" valuetype="reference"></part>		
		<part id="lay11" value="FlexColumnContainer" valuetype="reference"></part>
		<part id="lay3" value="FlexRowContainer" valuetype="reference"></part>
		<part id="lay6" value="FlexColumnContainer" valuetype="reference"></part>
		<part id="lay9" value="FlexRowContainer" valuetype="reference"></part>
		<part id="lay14" value="FlexRowContainer" valuetype="reference"></part>
	
		<part id="dummyBody" value="[CDATA[visibility: hidden;]]" valuetype="inline"></part>


		<part id="popupContainer" value="adeventoverlay" valuetype="reference" resourceid="adeventcss"></part>
		<part id="popup" value="adeventpopup" valuetype="reference" resourceid="adeventcss"></part>
		
		<part id="lay2" value="[CDATA[border:1px solid black;background-color:white;font-family:Verdana,Arial,Helvetica;font-size:11px]]" valuetype="inline"></part>

		<part id="lay3" value="[CDATA[border:1px solid black;background-color:white;font-family:Verdana,Arial,Helvetica;font-size:11px]]" valuetype="inline"></part>		
		<part id="lay4" value="[CDATA[border:1px solid black;background-color:white;font-family:Verdana,Arial,Helvetica;font-size:11px]]" valuetype="inline"></part>
		<part id="lay5" value="[CDATA[border:1px solid black;background-color:white;font-family:Verdana,Arial,Helvetica;font-size:11px]]" valuetype="inline"></part>
		<part id="lay6" value="[CDATA[border:1px solid black;background-color:white;font-family:Verdana,Arial,Helvetica;font-size:11px]]" valuetype="inline"></part>
		<part id="lay7" value="[CDATA[border:1px solid black;background-color:white;font-family:Verdana,Arial,Helvetica;font-size:11px]]" valuetype="inline"></part>		
		<part id="lay8" value="[CDATA[border:1px solid black;background-color:white;font-family:Verdana,Arial,Helvetica;font-size:11px]]" valuetype="inline"></part>
		<part id="lay9" value="[CDATA[border:1px solid black;background-color:white;font-family:Verdana,Arial,Helvetica;font-size:11px]]" valuetype="inline"></part>
		
		<part id="lay11" value="[CDATA[border:1px solid black;background-color:white;font-family:Verdana,Arial,Helvetica;font-size:11px]]" valuetype="inline"></part>
		<part id="lay12" value="[CDATA[border:1px solid black;background-color:white;font-family:Verdana,Arial,Helvetica;font-size:11px]]" valuetype="inline"></part>
		<part id="lay13" value="[CDATA[border:1px solid black;background-color:white;font-family:Verdana,Arial,Helvetica;font-size:11px]]" valuetype="inline"></part>		
		<part id="lay14" value="[CDATA[border:1px solid black;background-color:white;font-family:Verdana,Arial,Helvetica;font-size:11px]]" valuetype="inline"></part>

		</style>

	<behaviour id="adeventevents1">
		<part id="lay10">
			<event name="onclick" type="simple" function="AddEvents" valuetype="jsevent" resourceid="adeventjs"></event>
		</part>
		<part id="lay15">
			<event name="onclick" type="simple" function="CloseEvents" valuetype="jsevent" resourceid="adeventjs"></event>
		</part>
		<part id="nbajaxcomp">
			<event name="ajax" function="dummy" javaclass="NoteBookUtil"></event>
		</part>
	
		<part id="dummyBody">
			<event name="onerror" type="simple" function="alert" valuetype="jsevent" resourceid="dummyimg"></event>
		</part>
	
	 
	</behaviour>

	
	
	
	<resource>
		<resourceitem id="adeventjs" href="adeventjs.js" valuetype="js"></resourceitem>
		
		<resourceitem id="dummyimg" href="dummy.jpg" valuetype="image"></resourceitem>
		
		<resourceitem id="notecss" href="adeventcss.css" valuetype="css"></resourceitem>
	</resource>
	

</interface>
