<interface xmlns:xsi="http://www.w3.org/2001/XMLSchema-instance"
	xmlns="http://learnityframework.org/"
	xsi:schemaLocation="http://learnityframework.org/ http://localhost:8080/learnitymsme/xsd/Interface.xsd"
	id="Thread" title="LMS Forum Thread" type="InterfaceFragment">

<structure>
	<part id="threadmainscreen" class="label"></part>
	<part id="threadheading" class="label"></part>
	<part id="subjectContainer" class="label"></part>
	<part id="threadsubjectLabel" class="label"></part>
	<part id="threadSubject" class="inputtext" maxlength="30" size="30"></part>
	<part id="bodytextarea" class="textarea" rows="13" cols="70"></part>
	<part id="attachfile" class="label"></part>
	<part id="attachmentfile" class="label"></part>
	<part id="buttonContainer" class="label"></part>
	<part id="submitbutton" class="button"></part>
	<part id="cancelbutton" class="button"></part>
	<part id="threadajaxcomp" class="ajaxcomponent"></part>	
	<part id="popupContainer" class="label"></part>
	<part id="popup" class="label"></part>
</structure>

<layout id="threadPrime">

	<part id="threadmainscreen"></part>
	<part id="threadheading" parent_id="threadmainscreen"></part>
	<part id="subjectContainer" parent_id="threadmainscreen"></part>
	<part id="threadsubjectLabel" parent_id="subjectContainer"></part>
	<part id="threadSubject" parent_id="subjectContainer"></part>
	<part id="bodytextarea" parent_id="threadmainscreen"></part>
	<part id="attachfile" parent_id="threadmainscreen"></part>
	<part id="attachmentfile" parent_id="attachfile"></part>
	<part id="buttonContainer" parent_id="threadmainscreen"></part>
	<part id="submitbutton" parent_id="buttonContainer"></part>
	<part id="cancelbutton" parent_id="buttonContainer"></part>
	<part id="threadajaxcomp" parent_id="threadmainscreen"></part>
 	<part id="popupContainer" parent_id="threadmainscreen"></part>
	<part id="popup" parent_id="popupContainer"></part>
		
</layout>

<content id="threadPrimeContent">
	<part id="threadheading" value="Post New Thread" valuetype="inline"></part>
	<part id="threadsubjectLabel" value="Subject" valuetype="inline"></part>
	<part id="attachfile" value="[Attach File]" valuetype="inline"></part>
	<part id="submitbutton" value="   Submit   " valuetype="inline"></part>
	<part id="cancelbutton" value="   Cancel   " valuetype="inline"></part>
</content>

<style id="threadPrimeStyle">
	<part id="threadmainscreen" value="[CDATA[background-color: #FFF0D9;]]" valuetype="inline"></part>
	<part id="threadheading" value="[CDATA[background-color:#FAD395;font-family:tahoma,sans-serif;font-size:16px;font-weight:bold;margin-left:-2px;text-align:center;]]" valuetype="inline"></part>
	<part id="subjectContainer" value="FlexRowContainer" valuetype="reference"></part>
	<part id="threadsubjectLabel" value="[CDATA[font-family:tahoma,sans-serif;font-size:16px;color:#000000;font-weight:normal;]]" valuetype="inline"></part>
	<part id="attachfile" value="[CDATA[text-align:center;border-width:1px;border-style:solid;border-color:#000000;background-color:#FFFFFF;text-decoration:underline;cursor:pointer;font-weight:normal;font-size:15px;color:#0000EE;]]" valuetype="inline"></part>
	<part id="buttonContainer" value="FlexRowContainer" valuetype="reference"></part>
	<part id="submitbutton" value="[CDATA[background-color:#FF0000;font-family:tahoma,sans-serif;font-size:12px;font-weight:bold;color:#FFFFFF;-MOZ-BORDER-RADIUS: 10px; border-width:1px; border-style:solid; border-color:black; cursor:pointer;]]" valuetype="inline"></part>
	<part id="cancelbutton" value="[CDATA[background-color:#FF0000;font-family:tahoma,sans-serif;font-size:12px;font-weight:bold;color:#FFFFFF;-MOZ-BORDER-RADIUS: 10px; border-width:1px; border-style:solid; border-color:black; cursor:pointer;]]" valuetype="inline"></part>
	<part id="popupContainer" value="threadoverlay" valuetype="reference" resourceid="threadcss"></part>
	<part id="popup" value="threadpopup" valuetype="reference" resourceid="threadcss"></part>
</style>

<behaviour id="threadPrimeBehaviour">
	<part id="attachfile">
		<event name="onclick" type="simple" function="AttachFiles" valuetype="jsevent" resourceid="threadjs"></event>
	</part>	
	<part id="submitbutton">
		<event name="onclick" type="simple" function="click_submit" valuetype="jsevent" resourceid="threadjs"></event>
	</part>
	<part id="cancelbutton">
		<event name="onclick" type="simple" function="click_cancel" valuetype="jsevent" resourceid="threadjs"></event>
	</part>
	<part id="threadajaxcomp">
		<event name="ajax" javaclass="ForumUtil" ></event>
	</part>
</behaviour>

<resource>
	<resourceitem id="threadjs" href="thread.js" valuetype="js"></resourceitem>
	<resourceitem id="threadcss" href="thread.css" valuetype="css"></resourceitem>
</resource>

</interface>