<interface  xmlns:xsi="http://www.w3.org/2001/XMLSchema-instance"
	xmlns="http://learnityframework.org/"
	xsi:schemaLocation="http://learnityframework.org/ http://localhost:8080/learnitymsme/xsd/Interface.xsd"
	id="Calender" title="Calender View" type="InterfaceFragment">

	<configuration TemplateID="GridTreeNew"></configuration>

	<structure>

	<part id="dummyBody" class="image"></part>
		
	<part id="title" class="label"></part>

	<part id="mainscreen" class="label"></part>
	<part id="calendardiv" class="label"></part>
	
		
		<part id="popupContainer" class="label"></part>
		<part id="popup" class="label"></part>

	</structure>

	<layout id="calendarlayout1">
	
			<part id="mainscreen"></part>
			<part id="title" parent_id="mainscreen"></part>
			<part id="calendardiv" parent_id="mainscreen"></part>
			<part id="dummyBody" parent_id="mainscreen"></part>
			
				
			<part id="popupContainer" parent_id="mainscreen"></part>
			<part id="popup" parent_id="popupContainer"></part>
	
	</layout>

	<content id="calendarcontent1">
		
	<!--	
		<part id="lay26a" value="Mon" valuetype="inline"></part>
		<part id="lay26b" value="Tue" valuetype="inline"></part>
		<part id="lay26c" value="Wed" valuetype="inline"></part>
		<part id="lay26d" value="Thu" valuetype="inline"></part>
		<part id="lay26e" value="Fri" valuetype="inline"></part>
		<part id="lay26f" value="Sat" valuetype="inline"></part>
		<part id="lay26g" value="Sun" valuetype="inline"></part>
		
		<part id="lay23next" value="Next" valuetype="inline"></part>
		<part id="lay23prev" value="Prev" valuetype="inline"></part>
		-->
		<part id="dummyBody" value="dummyimg" valuetype="reference"></part>
		<part id="calendardiv" value="calhtml" valuetype="reference"></part>
		
	</content>

	<style id="calendarstyle1">

		<part id="calendardiv" value="responsive-calendar" valuetype="reference" resourceid="calcss"></part>
	
		<part id="dummyBody" value="[CDATA[visibility: hidden;]]" valuetype="inline"></part>
	
		
		<part id="popupContainer" value="caloverlay" valuetype="reference" resourceid="calcss"></part>
		<part id="popup" value="calpopup" valuetype="reference" resourceid="calcss"></part>
	
	
	</style>

	<behaviour id="calenderevents1">
	<!--	<part id="quit">
			<event name="onclick" type="simple" function="Quit" valuetype="jsevent" resourceid="nbjs"></event>
		</part>
	-->	
		<part id="close">
			<event name="onclick" type="simple" function="Quit" valuetype="jsevent" resourceid="mainjs"></event>
		</part>
		
		<part id="dummyBody">
			<event name="onerror" type="simple" function="alert" valuetype="jsevent" resourceid="caljs"></event>
		</part>
	
	
	</behaviour>

	<resource>
		<resourceitem id="caljs" href="calendar.js" valuetype="js"></resourceitem>
		<resourceitem id="mainjs" href="mainpage.js" valuetype="js"></resourceitem>
		<resourceitem id="calhtml" href="calendar.html" valuetype="html"></resourceitem>
		<resourceitem id="dummyimg" href="dummy.jpg" valuetype="image"></resourceitem>
		<resourceitem id="calcss" href="calendar.css" valuetype="css"></resourceitem>
	</resource>

</interface>
