<interface  xmlns:xsi="http://www.w3.org/2001/XMLSchema-instance"
	xmlns="http://learnityframework.org/"
	xsi:schemaLocation="http://learnityframework.org/ http://localhost:8080/learnitymsme/xsd/Interface.xsd"
	id="ForumReply" title="LMS Forum Reply" type="InterfaceFragment">

	<structure>
		<part id="replymain" class="label"></part>
		<part id="replytop" class="label"></part>
		<part id="subjectContainer" class="label"></part>
		<part id="replysubjectLabel" class="label"></part>
		<part id="replysubject" class="label"></part>
		<part id="bodytextarea" class="textarea" rows="13" cols="70"></part>
		<part id="attachfile" class="label"></part>
		<part id="attachment" class="label"></part>
		<part id="buttonContainer" class="label"></part>
		<part id="submitbutton" class="button"></part>
		<part id="cancelbutton" class="button"></part>
		<part id="replyajax" class="ajaxcomponent"></part>
		<part id="popupContainer" class="label"></part>
		<part id="popup" class="label"></part>
	</structure>

	<layout id="replylt">
		<part id="replymain"></part>
		<part id="replytop" parent_id="replymain"></part>
		<part id="subjectContainer" parent_id="replymain"></part>
		<part id="replysubjectLabel" parent_id="subjectContainer"></part>
		<part id="replysubject" parent_id="subjectContainer"></part>
		<part id="bodytextarea" parent_id="replymain"></part>
		<part id="attachfile" parent_id="replymain"></part>
		<part id="attachment" parent_id="attachfile"></part>
		<part id="buttonContainer" parent_id="replymain"></part>
		<part id="submitbutton" parent_id="buttonContainer"></part>
		<part id="cancelbutton" parent_id="buttonContainer"></part>
		<part id="replyajax" parent_id="replymain"></part>
		<part id="popupContainer" parent_id="replymain"></part>
		<part id="popup" parent_id="popupContainer"></part>
	</layout>

	<content id="replycontent">
		<part id="replytop" value="REPLY TO MESSAGE" valuetype="inline"></part>
		<part id="replysubjectLabel" value="Subject: " valuetype="inline"></part>
		<part id="attachfile" value="[Attach File]" valuetype="inline"></part>
		<part id="submitbutton" value="   Submit   " valuetype="inline"></part>
		<part id="cancelbutton" value="   Cancel   " valuetype="inline"></part>
	</content>

	<style id="replystyle">
		<part id="replymain" value="[CDATA[background-color: #FFF0D9]]" valuetype="inline"></part>
		<part id="replytop" value="[CDATA[background-color: #FAD395;text-align:center;font-weight:bold]]" valuetype="inline"></part>
		<part id="subjectContainer" value="FlexRowContainer" valuetype="reference"></part>
		<part id="attachfile" value="[CDATA[text-align:center;border-width:1px;border-style:solid;border-color:#000000;background-color:#FFFFFF;text-decoration:underline;cursor:pointer;font-weight:normal;font-size:15px;color:#0000EE;]]" valuetype="inline"></part>
		<part id="buttonContainer" value="FlexRowContainer" valuetype="reference"></part>
		<part id="submitbutton" value="[CDATA[background-color:#FF0000;font-family:tahoma,sans-serif;font-size:12px;font-weight:bold;color:#FFFFFF;-MOZ-BORDER-RADIUS: 10px; border-width:1px; border-style:solid; border-color:black; cursor:pointer;]]" valuetype="inline"></part>
		<part id="cancelbutton" value="[CDATA[background-color:#FF0000;font-family:tahoma,sans-serif;font-size:12px;font-weight:bold;color:#FFFFFF;-MOZ-BORDER-RADIUS: 10px; border-width:1px; border-style:solid; border-color:black; cursor:pointer;]]" valuetype="inline"></part>
		<part id="popupContainer" value="replyoverlay" valuetype="reference" resourceid="replycss"></part>
		<part id="popup" value="replypopup" valuetype="reference" resourceid="replycss"></part>		
	</style>

	<behaviour id="replyevent">
		<part id="attachfile">
			<event name="onclick" type="simple" function="AttachFiles" valuetype="jsevent" resourceid="replyjs"></event>
		</part>
		<part id="submitbutton">
			<event name="onclick" type="simple" function="click_submit" valuetype="jsevent" resourceid="replyjs"></event>
		</part>
		<part id="cancelbutton">
			<event name="onclick" type="simple" function="click_cancel" valuetype="jsevent" resourceid="replyjs"></event>
		</part>
		<part id="replyajax">
			<event name="ajax" javaclass="ForumUtil"></event>
		</part>
	</behaviour>

	<resource>
		<resourceitem id="replyjs" href="reply.js" valuetype="js"></resourceitem>
		<resourceitem id="replycss" href="reply.css" valuetype="css"></resourceitem>
	</resource>

</interface>